,country,urban_agglomeration,lat,lon,pop_2015,elev,GDP
0,Afghanistan,Kabul,34.528887,69.17246,3723.543,2896.0,
1,Algeria,El Djazaïr  (Algiers),36.7525,3.04197,2592.33,-30.0,5579.13
2,Algeria,Wahran (Oran),35.69111,-0.64167,857.521,112.0,5579.13
3,Angola,Huambo,-12.77611,15.73917,608.21,1722.0,2961.34
4,Angola,Luanda,-8.83682,13.23432,7023.206,122.0,2961.34
5,Angola,Lubango,-14.91717,13.4925,637.473,1722.0,2961.34
6,Argentina,Buenos Aires,-34.605083,-58.400368,14705.533,-10.0,12814.44
7,Argentina,Córdoba,-31.4135,-64.18105,1514.241,434.0,12814.44
8,Argentina,La Plata,-34.92145,-57.95453,834.021,15.0,12814.44
9,Argentina,Mar Del Plata,-38.00228,-57.55754,635.058,-10.0,12814.44
10,Argentina,Mendoza,-32.89084,-68.82717,1075.085,754.0,12814.44
11,Argentina,Rosario,-32.94682,-60.63932,1422.998,8.0,12814.44
12,Argentina,Salta,-24.7859,-65.41166,622.449,1296.0,12814.44
13,Argentina,San Miguel de Tucumán,-26.82414,-65.2226,912.695,427.0,12814.44
14,Armenia,Yerevan,40.181998,44.514619,1071.265,1479.0,8517.99
15,Australia,Adelaide,-34.92866,138.59863,1283.805,221.0,65965.62
16,Australia,Brisbane,-27.46794,153.02809,2212.889,11.0,65965.62
17,Australia,Gold Coast-Tweed Head,-28.00029,153.43088,633.243,-10.0,65965.62
18,Australia,Melbourne,-37.814,144.96332,4429.931,118.0,65965.62
19,Australia,Perth,-31.947841,115.852514,1894.246,27.0,65965.62
20,Australia,Sydney,-33.86785,151.20732,4544.293,-38.0,65965.62
21,Austria,Wien (Vienna),48.206443,16.370725,1834.982,184.0,58668.6
22,Azerbaijan,Baku,40.37767,49.89201,2206.32,-15.0,7381.37
23,Bangladesh,Chittagong,22.33306,91.83639,4536.155,46.0,2624.53
24,Bangladesh,Dhaka,23.7104,90.40744,17597.177,15.0,2624.53
25,Bangladesh,Khulna,22.80978,89.56439,1019.725,0.0,2624.53
26,Bangladesh,Rajshahi,24.36667,88.6,843.325,30.0,2624.53
27,Bangladesh,Sylhet,24.89667,91.87167,671.894,115.0,2624.53
28,Belarus,Minsk,53.9,27.56667,1945.223,210.0,8007.67
29,Belgium,Antwerpen,51.21989,4.40346,1017.17,12.0,56128.79
30,Belgium,Bruxelles-Brussel,50.846735,4.349919,2002.441,100.0,56128.79
31,Belgium,Liège,50.63373,5.56749,667.452,250.0,56128.79
32,Benin,Abomey-Calavi,6.44852,2.35566,757.922,-10.0,1510.19
33,Benin,Cotonou,6.36536,2.41833,681.686,-10.0,1510.19
34,Bolivia (Plurinational State of),Cochabamba,-17.3895,-66.1568,1136.33,3025.0,3919.6
35,Bolivia (Plurinational State of),La Paz,-16.5,-68.15,1745.199,4267.0,3919.6
36,Bolivia (Plurinational State of),Santa Cruz,-17.79891,-63.169825,1531.773,350.0,3919.6
37,Brazil,Aracaju,-10.91111,-37.07167,909.365,-64.0,10296.41
38,Brazil,Baixada Santista,-23.957,-46.326609,1779.142,-10.0,10296.41
39,Brazil,Belém,-1.456142,-48.478988,2180.148,-1.0,10296.41
40,Brazil,Belo Horizonte,-19.92083,-43.93778,5754.463,991.0,10296.41
41,Brazil,Brasília,-15.77972,-47.92972,4168.289,976.0,10296.41
42,Brazil,Campinas,-22.910942,-47.065587,3046.887,807.0,10296.41
43,Brazil,Campo Grande,-20.456697,-54.618515,836.597,534.0,10296.41
44,Brazil,Curitiba,-25.42778,-49.27306,3399.338,869.0,10296.41
45,Brazil,Florianópolis,-27.59667,-48.54917,1123.605,152.0,10296.41
46,Brazil,Fortaleza,-3.74117,-38.543575,3799.713,-6.0,10296.41
47,Brazil,Goiânia,-16.67861,-49.25389,2357.309,823.0,10296.41
48,Brazil,Grande São Luís,-2.538539,-44.283186,1409.882,0.0,10296.41
49,Brazil,Grande Vitória,-20.305424,-40.307915,1877.13,-3.0,10296.41
50,Brazil,João Pessoa,-7.115,-34.86306,1288.649,-5.0,10296.41
51,Brazil,Joinville,-26.30444,-48.84556,1209.079,15.0,10296.41
52,Brazil,Jundiaí,-23.188254,-46.891347,621.65,853.0,10296.41
53,Brazil,Londrina,-23.31028,-51.16278,808.237,427.0,10296.41
54,Brazil,Maceió,-9.66583,-35.73528,1240.096,-245.0,10296.41
55,Brazil,Manaus,-3.10194,-60.025,2019.332,37.0,10296.41
56,Brazil,Natal,-5.795,-35.20944,1291.878,-12.0,10296.41
57,Brazil,Pôrto Alegre,-30.03306,-51.23,3998.068,30.0,10296.41
58,Brazil,Recife,-8.05389,-34.88111,3844.529,-95.0,10296.41
59,Brazil,Ribeirão  Preto,-21.1775,-47.81028,655.639,610.0,10296.41
60,Brazil,Rio de Janeiro,-22.90278,-43.2075,12940.796,45.0,10296.41
61,Brazil,Salvador,-12.97111,-38.51083,3594.171,-129.0,10296.41
62,Brazil,São José dos Campos,-23.17944,-45.88694,664.698,762.0,10296.41
63,Brazil,São Paulo,-23.5475,-46.63611,20883.046,792.0,10296.41
64,Brazil,Sorocaba,-23.50167,-47.45806,729.371,777.0,10296.41
65,Brazil,Teresina,-5.08917,-42.80194,961.758,107.0,10296.41
66,Brazil,Uberlândia,-18.91861,-48.27722,636.262,823.0,10296.41
67,Bulgaria,Sofia,42.69751,23.32415,1255.741,639.0,17069.33
68,Burkina Faso,Bobo-Dioulasso,11.17715,-4.2979,755.191,396.0,908.37
69,Burkina Faso,Ouagadougou,12.36423,-1.53834,2200.368,289.0,908.37
70,Burundi,Bujumbura,-3.3822,29.3644,750.911,1852.0,320.64
71,Cambodia,Phnum Pénh (Phnom Penh),11.56245,104.91601,1778.611,0.0,2743.99
72,Cameroon,Douala,4.04827,9.70428,2972.061,38.0,1821.32
73,Cameroon,Yaoundé,3.86667,11.51667,3096.782,731.0,1821.32
74,Canada,Calgary,51.044072,-114.059314,1360.316,1066.0,53834.48
75,Canada,Edmonton,53.543409,-113.503721,1292.151,664.0,53834.48
76,Canada,Hamilton,43.249459,-79.847539,742.925,138.0,53834.48
77,Canada,Montréal,45.50884,-73.58781,4070.122,12.0,53834.48
78,Canada,Ottawa-Gatineau,45.416598,-75.697997,1308.329,78.0,53834.48
79,Canada,Québec,46.81228,-71.21454,794.244,68.0,53834.48
80,Canada,Toronto,43.70011,-79.4163,5867.292,48.0,53834.48
81,Canada,Vancouver,49.24966,-123.11934,2436.967,36.0,53834.48
82,Canada,Winnipeg,49.895451,-97.129437,769.938,235.0,53834.48
83,Central African Republic,Bangui,4.36122,18.55496,797.96,457.0,529.49
84,Chad,N'Djaména,12.10672,15.0444,1186.761,274.0,1012.65
85,Chile,Concepción,-36.82699,-73.04977,818.306,213.0,16365.3
86,Chile,Santiago,-33.45694,-70.64827,6523.164,1189.0,16365.3
87,Chile,Valparaíso,-33.03932,-71.62725,936.53,-180.0,16365.3
88,China,Anqing,30.542972,117.0533,641.439,61.0,12968.57
89,China,Anshan,41.12361,122.99,1562.006,313.0,12968.57
90,China,Anyang,36.094436,114.35034,1144.382,61.0,12968.57
91,China,Baishan,41.937333,126.422863,639.108,715.0,12968.57
92,China,Baoding,38.85111,115.49028,1766.4,30.0,12968.57
93,China,Baoji,34.365118,107.200449,1003.254,1143.0,12968.57
94,China,Baotou,40.65222,109.82222,1961.855,1219.0,12968.57
95,China,Bazhong,31.866216,106.732539,682.071,610.0,12968.57
96,China,Beijing,39.9075,116.39723,18421.198,30.0,12968.57
97,China,Bengbu,32.94083,117.36083,843.638,107.0,12968.57
98,China,Benxi,41.28861,123.765,1072.579,305.0,12968.57
99,China,Binzhou,37.381079,118.010852,883.104,0.0,12968.57
100,China,Changchun,43.882494,125.293964,3978.636,282.0,12968.57
101,China,Changde,29.04638,111.6783,715.729,68.0,12968.57
102,China,Changsha,28.227394,112.938269,4013.593,61.0,12968.57
103,China,Changshu,31.653905,120.746654,728.724,0.0,12968.57
104,China,Changzhi,36.192128,113.115533,740.404,1189.0,12968.57
105,China,"Changzhou, Jiangsu",31.794314,119.958917,3014.641,30.0,12968.57
106,China,Chaozhou,23.66513,116.63786,1335.653,30.0,12968.57
107,China,Chengde,40.967162,117.932222,685.435,610.0,12968.57
108,China,Chengdu,30.66667,104.06667,8360.286,549.0,12968.57
109,China,Chenzhou,25.8,113.03333,743.256,610.0,12968.57
110,China,Chifeng,42.264602,118.915236,1020.948,534.0,12968.57
111,China,Chongqing,29.56278,106.55278,13372.015,457.0,12968.57
112,China,Cixi,30.176116,121.252392,1298.64,183.0,12968.57
113,China,Dalian,38.913811,121.602322,4848.956,15.0,12968.57
114,China,Dandong,40.119831,124.373852,822.598,27.0,12968.57
115,China,Daqing,46.58333,125.0,1625.765,152.0,12968.57
116,China,Datong,40.080522,113.293045,1535.736,1265.0,12968.57
117,China,Deyang,31.13019,104.38198,717.427,762.0,12968.57
118,China,Dezhou,37.451765,116.300973,824.677,30.0,12968.57
119,China,Dongguan,23.02116,113.741411,7325.456,30.0,12968.57
120,China,Dongying,37.453273,118.578519,1103.698,0.0,12968.57
121,China,Ezhou,30.400061,114.884582,635.689,61.0,12968.57
122,China,Foshan,23.022778,113.119953,7026.645,61.0,12968.57
123,China,"Fushun, Liaoning",41.880737,123.946698,1300.085,228.0,12968.57
124,China,Fuxin,42.01556,121.65889,791.298,152.0,12968.57
125,China,Fuyang,32.889497,115.815213,895.018,76.0,12968.57
126,China,"Fuzhou, Fujian",26.075352,119.298946,3314.441,152.0,12968.57
127,China,"Fuzhou, Jiangxi",27.98119,116.355676,799.046,168.0,12968.57
128,China,Ganzhou,25.85,114.93333,982.938,305.0,12968.57
129,China,"Guangzhou, Guangdong",23.125457,113.257374,11694.882,0.0,12968.57
130,China,Guigang,23.09639,109.60917,762.786,107.0,12968.57
131,China,Guilin,25.28194,110.28639,1042.135,274.0,12968.57
132,China,Guiping,23.39336,110.07437,668.262,122.0,12968.57
133,China,Guiyang,26.58333,106.71667,2878.809,1326.0,12968.57
134,China,Haerbin,45.756325,126.646688,5729.657,191.0,12968.57
135,China,Haicheng,40.855239,122.743396,731.614,183.0,12968.57
136,China,Haikou,20.027423,110.330071,1686.678,121.0,12968.57
137,China,Handan,36.60056,114.46778,2247.795,61.0,12968.57
138,China,Hangzhou,30.29365,120.16142,6657.736,30.0,12968.57
139,China,Hefei,31.86389,117.28083,3608.431,61.0,12968.57
140,China,Hegang,47.344338,130.293701,618.192,122.0,12968.57
141,China,Hengshui,37.741068,115.678068,685.421,30.0,12968.57
142,China,Hengyang,26.884064,112.62509,1299.163,91.0,12968.57
143,China,Heze,35.245103,115.459799,757.71,61.0,12968.57
144,China,Hohhot,40.81056,111.65222,1790.35,1219.0,12968.57
145,China,Huai'an,33.606953,119.014801,2092.995,30.0,12968.57
146,China,Huaibei,33.954851,116.792878,983.455,114.0,12968.57
147,China,Huainan,32.62639,116.99694,1330.286,91.0,12968.57
148,China,Huangshi,30.20678,115.085462,754.5,61.0,12968.57
149,China,Huizhou,23.08333,114.4,2125.972,76.0,12968.57
150,China,Huludao,40.75242,120.83552,705.553,38.0,12968.57
151,China,Huzhou,30.8703,120.0933,856.361,61.0,12968.57
152,China,Jiamusi,46.797936,130.330183,670.026,122.0,12968.57
153,China,Jiangmen,22.58333,113.08333,1575.616,61.0,12968.57
154,China,Jiangyin,31.915679,120.28096,687.868,-10.0,12968.57
155,China,Jiaozuo,35.23972,113.23306,732.087,91.0,12968.57
156,China,Jiaxing,30.766487,120.748231,973.894,91.0,12968.57
157,China,Jieyang,23.552629,116.372145,911.712,45.0,12968.57
158,China,Jilin,43.85083,126.56028,1523.386,305.0,12968.57
159,China,"Ji'nan, Shandong",36.676721,116.997142,4613.117,350.0,12968.57
160,China,"Jingzhou, Hubei",30.327567,112.248367,965.987,61.0,12968.57
161,China,Jinhua,29.080651,119.646369,887.707,190.0,12968.57
162,China,"Jining, Shandong",35.414595,116.584704,1387.847,107.0,12968.57
163,China,Jinzhou,41.10778,121.14167,1037.315,76.0,12968.57
164,China,Jiujiang,29.704105,116.001302,798.678,335.0,12968.57
165,China,"Jixi, Heilongjiang",45.295804,130.970134,891.598,152.0,12968.57
166,China,Kaifeng,34.79111,114.34833,1062.031,61.0,12968.57
167,China,Kunming,25.03889,102.71833,3927.3,2133.0,12968.57
168,China,Laiwu,36.207444,117.672021,775.63,381.0,12968.57
169,China,Langfang,39.50972,116.69472,623.567,15.0,12968.57
170,China,Lanzhou,36.05639,103.79222,2730.1,2134.0,12968.57
171,China,Leiyang,26.416884,112.850257,632.023,190.0,12968.57
172,China,Leshan,29.576174,103.75896,814.17,335.0,12968.57
173,China,Lianyungang,34.59687,119.175775,1537.426,121.0,12968.57
174,China,Liaocheng,36.455124,115.982616,676.63,53.0,12968.57
175,China,Liaoyang,41.27194,123.17306,790.574,137.0,12968.57
176,China,Linfen,36.08889,111.51889,696.244,671.0,12968.57
177,China,"Linyi, Shandong",35.054142,118.333365,1710.404,61.0,12968.57
178,China,Liuan,31.754268,116.498142,882.755,61.0,12968.57
179,China,Liupanshui,26.592289,104.837711,812.61,2003.0,12968.57
180,China,Liuyang,28.15,113.63333,822.364,290.0,12968.57
181,China,Liuzhou,24.301725,109.378368,1867.24,213.0,12968.57
182,China,Longyan,25.10722,117.0225,640.519,594.0,12968.57
183,China,Luohe,33.573149,114.024063,768.291,61.0,12968.57
184,China,Luoyang,34.618562,112.456179,2020.986,259.0,12968.57
185,China,Luzhou,28.877528,105.440814,779.497,442.0,12968.57
186,China,Ma'anshan,31.707085,118.503768,860.782,61.0,12968.57
187,China,Maoming,21.662659,110.923448,1038.825,91.0,12968.57
188,China,"Mianyang, Sichuan",31.483888,104.737019,1160.728,640.0,12968.57
189,China,Mudanjiang,44.58333,129.6,852.684,412.0,12968.57
190,China,Nanchang,28.68333,115.88333,3052.699,61.0,12968.57
191,China,Nanchong,30.79508,106.08474,1052.987,366.0,12968.57
192,China,"Nanjing, Jiangsu",32.048183,118.789812,7391.907,76.0,12968.57
193,China,Nanning,22.81667,108.31667,3299.607,122.0,12968.57
194,China,Nantong,31.990413,120.865451,1906.072,-10.0,12968.57
195,China,"Nanyang, Henan",32.999941,112.52593,1010.082,91.0,12968.57
196,China,Neijiang,29.58354,105.06216,613.831,351.0,12968.57
197,China,Ningbo,29.87819,121.54945,3390.902,152.0,12968.57
198,China,Panjin,41.121893,122.070073,947.102,46.0,12968.57
199,China,Panzhihua,26.58509,101.71276,666.262,1677.0,12968.57
200,China,"Pingdingshan, Henan",33.74166,113.304003,998.084,106.0,12968.57
201,China,"Pingxiang, Jiangxi",27.634816,113.847689,812.264,442.0,12968.57
202,China,Pizhou,34.31139,117.95028,814.029,61.0,12968.57
203,China,Puning,23.296655,116.164678,1003.062,91.0,12968.57
204,China,Putian,25.43944,119.01028,1443.271,38.0,12968.57
205,China,Qingdao,36.09861,120.37194,5041.473,61.0,12968.57
206,China,Qingyuan,23.714582,113.029707,693.87,98.0,12968.57
207,China,Qinhuangdao,39.93167,119.58833,1286.354,0.0,12968.57
208,China,Qiqihaer,47.34083,123.96722,1454.523,152.0,12968.57
209,China,Quanzhou,24.896763,118.599688,1391.194,-10.0,12968.57
210,China,Qujing,25.489377,103.797682,776.142,2103.0,12968.57
211,China,Rizhao,35.40336,119.511996,1065.567,-1.0,12968.57
212,China,Ruian,27.780759,120.675519,976.009,0.0,12968.57
213,China,Shanghai,31.22222,121.45806,23482.181,0.0,12968.57
214,China,Shangqiu,34.424422,115.651378,711.867,61.0,12968.57
215,China,Shangrao,28.460359,117.953064,899.787,213.0,12968.57
216,China,Shantou,23.36814,116.71479,3957.77,-1.0,12968.57
217,China,Shaoguan,24.8,113.58333,741.953,305.0,12968.57
218,China,Shaoxing,30.011,120.5715,2082.436,244.0,12968.57
219,China,Shaoyang,27.240329,111.470907,637.876,305.0,12968.57
220,China,Shenyang,41.79222,123.43278,6497.927,91.0,12968.57
221,China,Shenzhen,22.541487,114.063427,11275.391,61.0,12968.57
222,China,Shijiazhuang,38.041845,114.510846,3716.628,61.0,12968.57
223,China,Shiyan,32.644469,110.783587,1050.284,457.0,12968.57
224,China,"Suining, Sichuan",30.523613,105.563901,617.773,305.0,12968.57
225,China,Suqian,33.968102,118.292384,1054.212,61.0,12968.57
226,China,"Suzhou, Anhui",33.635918,116.974726,926.554,61.0,12968.57
227,China,"Suzhou, Jiangsu",31.302068,120.585259,5336.392,30.0,12968.57
228,China,"Taian, Shandong",36.190371,117.119081,1222.345,274.0,12968.57
229,China,Taixing,32.16667,120.01361,640.093,61.0,12968.57
230,China,"Taiyuan, Shanxi",37.861899,112.551572,3490.386,914.0,12968.57
231,China,"Taizhou, Jiangsu",32.494536,119.902861,1186.96,61.0,12968.57
232,China,"Taizhou, Zhejiang",28.637219,121.418459,1652.71,0.0,12968.57
233,China,"Tangshan, Hebei",39.628484,118.179931,2752.577,0.0,12968.57
234,China,Tengzhou,35.084539,117.162387,960.102,136.0,12968.57
235,China,Tianjin,39.108842,117.18862,12516.041,0.0,12968.57
236,China,Tianmen,30.653449,113.160506,726.26,61.0,12968.57
237,China,Tianshui,34.580929,105.723718,642.345,1402.0,12968.57
238,China,Tongliao,43.6125,122.26528,613.434,305.0,12968.57
239,China,Tongling,30.936306,117.810916,602.849,122.0,12968.57
240,China,Ürümqi (Wulumqi),43.82532,87.603835,3510.512,1372.0,12968.57
241,China,Weifang,36.71,119.10194,2201.353,61.0,12968.57
242,China,Weihai,37.50167,122.11361,1090.639,0.0,12968.57
243,China,Wenling,28.375791,121.378138,877.176,76.0,12968.57
244,China,Wenzhou,27.99942,120.66682,3129.134,0.0,12968.57
245,China,Wuhan,30.58333,114.26667,7921.253,61.0,12968.57
246,China,"Wuhu, Anhui",31.333557,118.381175,1430.027,61.0,12968.57
247,China,"Wuxi, Jiangsu",31.536681,120.298556,2986.721,30.0,12968.57
248,China,Wuzhou,23.483239,111.274132,605.282,244.0,12968.57
249,China,Xiamen,24.47979,118.08187,3394.909,0.0,12968.57
250,China,"Xi'an, Shaanxi",34.289413,108.940242,6657.332,610.0,12968.57
251,China,"Xiangtan, Hunan",27.828265,112.926952,1012.095,91.0,12968.57
252,China,Xiangyang,32.008764,112.144038,1536.552,61.0,12968.57
253,China,"Xianyang, Shaanxi",34.338637,108.701548,680.955,610.0,12968.57
254,China,Xiaogan,30.925566,113.91746,672.457,61.0,12968.57
255,China,Xinghua,32.937332,119.838732,671.52,61.0,12968.57
256,China,Xingtai,37.06306,114.49417,743.543,61.0,12968.57
257,China,Xining,36.61667,101.76667,1326.613,2560.0,12968.57
258,China,Xintai,35.90056,117.75194,787.474,198.0,12968.57
259,China,Xinxiang,35.298867,113.901477,992.99,61.0,12968.57
260,China,Xinyang,32.128856,114.074643,703.286,91.0,12968.57
261,China,Xinyu,27.80429,114.93335,693.906,91.0,12968.57
262,China,Xiongan,38.9796,116.079,620.92,0.0,12968.57
263,China,Xuchang,34.01667,113.81667,803.957,76.0,12968.57
264,China,Xuzhou,34.263685,117.186605,1922.499,84.0,12968.57
265,China,"Yancheng, Jiangsu",33.356867,120.155148,1657.069,61.0,12968.57
266,China,Yangjiang,21.861445,111.956303,781.892,-1.0,12968.57
267,China,Yangquan,37.85578,113.582568,701.009,914.0,12968.57
268,China,Yangzhou,32.391492,119.423807,1769.917,61.0,12968.57
269,China,Yantai,37.465087,121.437152,2120.864,-3.0,12968.57
270,China,Yibin,28.76667,104.62383,735.307,412.0,12968.57
271,China,Yichang,30.71444,111.28472,1267.841,381.0,12968.57
272,China,"Yichun, Heilongjiang",47.724475,128.83367,644.278,762.0,12968.57
273,China,"Yichun, Jiangxi",27.806158,114.389221,645.801,152.0,12968.57
274,China,Yinchuan,38.46806,106.27306,1346.828,1158.0,12968.57
275,China,Yingkou,40.66482,122.22833,1028.956,61.0,12968.57
276,China,Yiwu,29.31506,120.07676,1076.827,457.0,12968.57
277,China,Yongzhou,26.435132,111.606348,646.992,168.0,12968.57
278,China,Yueqing,28.1194,120.9612,872.879,-10.0,12968.57
279,China,Yueyang,29.372239,113.115285,963.417,61.0,12968.57
280,China,"Yulin, Shaanxi",38.28384,109.731486,642.753,1326.0,12968.57
281,China,Zaozhuang,34.86472,117.55417,1030.166,91.0,12968.57
282,China,Zhangjiakou,40.81,114.87944,1270.509,1219.0,12968.57
283,China,Zhangzhou,24.5133,117.6556,728.339,76.0,12968.57
284,China,Zhanjiang,21.266159,110.359639,1151.86,-10.0,12968.57
285,China,Zhaoqing,23.05116,112.45972,892.486,198.0,12968.57
286,China,Zhengzhou,34.75778,113.64861,4400.992,152.0,12968.57
287,China,"Zhenjiang, Jiangsu",32.202713,119.44894,1052.373,61.0,12968.57
288,China,Zhongshan,22.517992,113.383938,2819.704,61.0,12968.57
289,China,Zhucheng,35.99472,119.3975,719.094,152.0,12968.57
290,China,Zhuhai,22.2769,113.5678,1545.946,-10.0,12968.57
291,China,Zhuji,29.713158,120.236819,684.035,335.0,12968.57
292,China,Zhuzhou,27.83333,113.15,1085.502,92.0,12968.57
293,China,Zibo,36.79056,118.06333,2435.688,259.0,12968.57
294,China,Zigong,29.34162,104.77689,698.978,305.0,12968.57
295,China,Zunyi,27.711309,106.936512,1124.52,914.0,12968.57
296,"China, Hong Kong SAR",Hong Kong,22.279588,114.188697,7245.701,0.0,53164.78
297,"China, Macao SAR",Macao,22.20056,113.54611,600.942,-10.0,77186.16
298,"China, Taiwan Province of China",Gaoxiong,22.625962,120.31546,1525.211,76.0,33233.8
299,"China, Taiwan Province of China",Taibei,25.047009,121.54568,2685.628,229.0,33233.8
300,"China, Taiwan Province of China",Tainan,23.131587,120.259004,816.442,213.0,33233.8
301,"China, Taiwan Province of China",Taizhong,24.141613,120.67274,1227.516,991.0,33233.8
302,"China, Taiwan Province of China",Taoyuan,24.9936,121.2969,2106.472,351.0,33233.8
303,"China, Taiwan Province of China",Xinbei,25.0121,121.4621,4215.005,381.0,33233.8
304,Colombia,Barranquilla,10.96389,-74.79639,2081.003,10.0,7917.24
305,Colombia,Bogotá,4.60971,-74.08175,9707.746,2225.0,7917.24
306,Colombia,Bucaramanga,7.12539,-73.1198,1207.586,3048.0,7917.24
307,Colombia,Cali,3.43722,-76.5225,2573.365,1158.0,7917.24
308,Colombia,Cartagena,10.39972,-75.51444,997.013,107.0,7917.24
309,Colombia,Cúcuta,7.89391,-72.50782,858.418,952.0,7917.24
310,Colombia,Medellín,6.25184,-75.56359,3735.098,2209.0,7917.24
311,Congo,Brazzaville,-4.26583,15.28318,1957.714,290.0,2384.4
312,Congo,Pointe-Noire,-4.77609,11.86352,1004.396,30.0,2384.4
313,Costa Rica,San José,9.927817,-84.080685,1297.091,1570.0,17860.41
314,Côte d'Ivoire,Abidjan,5.345339,-4.026789,4533.075,15.0,2719.97
315,Croatia,Zagreb,45.81444,15.97798,686.652,130.0,23380.44
316,Cuba,La Habana (Havana),23.119541,-82.378493,2123.697,2.0,
317,Czechia,Praha (Prague),50.08804,14.42076,1269.488,272.0,31365.51
318,Dem. People's Republic of Korea,Chongjin,41.79556,129.77583,630.303,16.0,
319,Dem. People's Republic of Korea,P'yongyang,39.03385,125.75432,2970.18,29.0,
320,Democratic Republic of the Congo,Bukavu,-2.50833,28.86083,833.294,1661.0,702.37
321,Democratic Republic of the Congo,Kananga,-5.89624,22.41659,1169.818,656.0,702.37
322,Democratic Republic of the Congo,Kinshasa,-4.32758,15.31357,11597.706,351.0,702.37
323,Democratic Republic of the Congo,Kisangani,0.51667,25.2,1040.376,412.0,702.37
324,Democratic Republic of the Congo,Lubumbashi,-11.66089,27.47938,2016.816,1189.0,702.37
325,Democratic Republic of the Congo,Mbuji-Mayi,-6.15,23.6,2008.736,640.0,702.37
326,Democratic Republic of the Congo,Tshikapa,-6.41621,20.79995,690.586,602.0,702.37
327,Denmark,København (Copenhagen),55.67594,12.56553,1270.867,-1.0,69273.05
328,Dominican Republic,Santiago,19.460205,-70.699686,626.453,140.0,11692.09
329,Dominican Republic,Santo Domingo,18.489591,-69.901805,2944.551,-100.0,11692.09
330,Ecuador,Guayaquil,-2.16667,-79.9,2738.164,30.0,6758.37
331,Ecuador,Quito,-0.22985,-78.52495,1734.335,3277.0,6758.37
332,Egypt,Al-Iskandariyah (Alexandria),31.192471,29.904596,4789.362,0.0,3541.75
333,Egypt,Al-Qahirah (Cairo),30.039173,31.239411,18820.072,274.0,3541.75
334,Egypt,Bur Sa'id,31.25654,32.28412,672.014,-10.0,3541.75
335,El Salvador,San Salvador,13.68935,-89.18718,1099.055,533.0,5606.97
336,Eritrea,Asmara,15.33333,38.93333,803.25,1463.0,
337,Ethiopia,Addis Ababa,9.02497,38.74689,3870.785,2438.0,1350.4
338,Finland,Helsinki,60.169246,24.940216,1222.294,-5.0,54773.99
339,France,Bordeaux,44.84044,-0.5805,910.083,60.0,48011.83
340,France,Lille,50.63297,3.05858,1041.468,30.0,48011.83
341,France,Lyon,45.74846,4.84671,1646.635,214.0,48011.83
342,France,Marseille-Aix-en-Provence,43.528414,5.443298,1587.434,316.0,48011.83
343,France,Nantes,47.21725,-1.55336,637.595,32.0,48011.83
344,France,Nice-Cannes,43.6646,7.15339,943.151,-272.0,48011.83
345,France,Paris,48.85341,2.3488,10733.502,27.0,48011.83
346,France,Toulouse,43.60426,1.44367,955.127,153.0,48011.83
347,Gabon,Libreville,0.3925,9.45365,747.259,-1.0,9256.66
348,Georgia,Tbilisi,41.69411,44.83368,1078.125,487.0,8882.64
349,Germany,Berlin,52.52437,13.41053,3513.595,34.0,55521.35
350,Germany,Duesseldorf,51.22172,6.77616,609.649,61.0,55521.35
351,Germany,Frankfurt am Main,50.11667,8.68333,727.367,139.0,55521.35
352,Germany,Hamburg,53.55,10.0,1786.302,10.0,55521.35
353,Germany,Köln (Cologne),50.93333,6.95,1053.551,52.0,55521.35
354,Germany,München (Munich),48.137076,11.573377,1439.859,531.0,55521.35
355,Germany,Stuttgart,48.78232,9.17702,622.425,330.0,55521.35
356,Ghana,Accra,5.55602,-0.1969,2289.561,-10.0,2231.79
357,Ghana,Kumasi,6.68848,-1.62443,2616.097,229.0,2231.79
358,Ghana,Sekondi Takoradi,4.934,-1.7137,715.65,-51.0,2231.79
359,Greece,Athínai (Athens),37.95342,23.74897,3161.155,134.0,24341.51
360,Greece,Thessaloniki,40.64028,22.94389,809.043,412.0,24341.51
361,Guatemala,Ciudad de Guatemala (Guatemala City),14.612652,-90.530746,2738.259,1524.0,6295.05
362,Guinea,Conakry,9.571642,-13.647602,1713.858,-1.0,1652.31
363,Haiti,Port-au-Prince,18.53917,-72.335,2438.601,741.0,2120.41
364,Honduras,San Pedro Sula,15.5,-88.03333,767.271,30.0,3446.3
365,Honduras,Tegucigalpa,14.0818,-87.20681,1232.933,1450.0,3446.3
366,Hungary,Budapest,47.49801,19.03991,1745.894,121.0,23881.43
367,India,Agra,27.18333,78.01667,1959.524,183.0,2697.56
368,India,Ahmadabad,23.03333,72.61667,7109.286,61.0,2697.56
369,India,Aligarh,27.88333,78.08333,1041.751,183.0,2697.56
370,India,Allahabad,25.45,81.85,1294.529,91.0,2697.56
371,India,Amravati,20.93333,77.75,694.547,396.0,2697.56
372,India,Amritsar,31.630953,74.875536,1271.078,213.0,2697.56
373,India,Asansol,23.68333,86.98333,1328.473,91.0,2697.56
374,India,Aurangabad,19.876619,75.34331,1353.181,563.0,2697.56
375,India,Bangalore,12.97194,77.59369,10141.08,762.0,2697.56
376,India,Bareilly,28.35,79.41667,1104.65,183.0,2697.56
377,India,Belgaum,15.85212,74.50447,661.75,746.0,2697.56
378,India,Bhavnagar,21.76667,72.15,648.622,-10.0,2697.56
379,India,Bhiwandi,19.3,73.06667,791.515,122.0,2697.56
380,India,Bhopal,23.26667,77.4,2108.487,503.0,2697.56
381,India,Bhubaneswar,20.23333,85.83333,1006.76,0.0,2697.56
382,India,Bikaner,28.01667,73.3,701.553,274.0,2697.56
383,India,Chandigarh,30.7343,76.7933,1050.593,541.0,2697.56
384,India,Chennai (Madras),13.053091,80.24875,9677.072,-10.0,2697.56
385,India,Coimbatore,10.9925,76.96139,2421.666,320.0,2697.56
386,India,Cuttack,20.46497,85.87927,699.119,30.0,2697.56
387,India,Dehradun,30.31667,78.03333,799.453,762.0,2697.56
388,India,Delhi,28.66667,77.21667,25865.875,213.0,2697.56
389,India,Dhanbad,23.8,86.45,1257.814,183.0,2697.56
390,India,Durgapur,23.520444,87.311923,623.63,91.0,2697.56
391,India,Durg-Bhilainagar,21.188706,81.280592,1129.385,305.0,2697.56
392,India,Firozabad,27.15,78.41667,698.177,183.0,2697.56
393,India,Gorakhpur,26.759877,83.371379,723.908,91.0,2697.56
394,India,Gulbarga,17.333333,76.833333,600.859,457.0,2697.56
395,India,Guntur,16.3,80.45,751.392,91.0,2697.56
396,India,Guwahati (Gauhati),26.173547,91.750291,1032.112,152.0,2697.56
397,India,Gwalior,26.22361,78.17917,1225.02,259.0,2697.56
398,India,Hubli-Dharwad,15.458722,75.010582,1021.562,610.0,2697.56
399,India,Hyderabad,17.37528,78.47444,8697.166,526.0,2697.56
400,India,Indore,22.71792,75.8333,2534.783,510.0,2697.56
401,India,Jabalpur,23.16697,79.95006,1350.926,488.0,2697.56
402,India,Jaipur,26.91667,75.81667,3426.127,365.0,2697.56
403,India,Jalandhar,31.325556,75.579167,954.651,213.0,2697.56
404,India,Jammu,32.727805,74.856879,677.903,465.0,2697.56
405,India,Jamnagar,22.46667,70.06667,621.071,61.0,2697.56
406,India,Jamshedpur,22.8,86.18333,1456.089,167.0,2697.56
407,India,Jodhpur,26.239232,73.015787,1284.85,205.0,2697.56
408,India,Kannur,11.872888,75.371554,1870.702,-1.0,2697.56
409,India,Kanpur,26.46667,80.35,3014.06,122.0,2697.56
410,India,Kochi (Cochin),9.930693,76.260069,2528.903,-10.0,2697.56
411,India,Kolkata (Calcutta),22.533455,88.356045,14422.67,0.0,2697.56
412,India,Kollam,8.88056,76.59167,1413.469,-10.0,2697.56
413,India,Kota,25.16645,75.856095,1167.746,289.0,2697.56
414,India,Kozhikode (Calicut),11.25669,75.778724,2643.279,-1.0,2697.56
415,India,Lucknow,26.85,80.91667,3244.671,122.0,2697.56
416,India,Ludhiana,30.9,75.85,1726.728,145.0,2697.56
417,India,Madurai,9.93333,78.11667,1586.395,91.0,2697.56
418,India,Malappuram,11.06667,76.06667,2354.199,106.0,2697.56
419,India,Malegaon,20.55,74.53333,638.366,434.0,2697.56
420,India,Mangalore,12.91723,74.85603,664.44,61.0,2697.56
421,India,Meerut,28.97155,77.71934,1544.532,213.0,2697.56
422,India,Moradabad,28.83333,78.78333,1022.126,183.0,2697.56
423,India,Mumbai (Bombay),19.073975,72.880838,19315.737,107.0,2697.56
424,India,Mysore,12.29791,76.63925,1088.564,762.0,2697.56
425,India,Nagpur,21.15,79.1,2676.72,335.0,2697.56
426,India,Nanded Waghala,19.161775,77.313728,612.167,426.0,2697.56
427,India,Nashik,19.98333,73.8,1781.817,595.0,2697.56
428,India,Nellore,14.44625,79.9842,642.206,7.0,2697.56
429,India,Patna,25.6,85.11667,2223.111,61.0,2697.56
430,India,Puducherry,11.93,79.83,736.102,-55.0,2697.56
431,India,Pune (Poona),18.516057,73.861578,5745.577,717.0,2697.56
432,India,Raipur,21.23333,81.63333,1343.744,312.0,2697.56
433,India,Rajkot,22.3,70.78333,1602.214,152.0,2697.56
434,India,Ranchi,23.35,85.33333,1264.445,442.0,2697.56
435,India,Saharanpur,29.96667,77.55,852.564,244.0,2697.56
436,India,Salem,11.65,78.16667,1000.304,457.0,2697.56
437,India,Siliguri,26.71611,88.42361,839.606,106.0,2697.56
438,India,Solapur,17.68333,75.91667,988.027,488.0,2697.56
439,India,Srinagar,34.083658,74.797363,1406.63,2248.0,2697.56
440,India,Surat,21.16667,72.83333,5670.924,30.0,2697.56
441,India,Thiruvananthapuram,8.50694,76.95694,2058.364,61.0,2697.56
442,India,Thrissur,10.51667,76.21667,2356.16,152.0,2697.56
443,India,Tiruchirappalli,10.805,78.68556,1087.049,106.0,2697.56
444,India,Tiruppur,11.11541,77.35456,1185.629,274.0,2697.56
445,India,Vadodara,22.3,73.2,1986.946,46.0,2697.56
446,India,Varanasi (Benares),25.316426,82.982198,1537.379,76.0,2697.56
447,India,Vijayawada,16.51667,80.61667,1719.769,91.0,2697.56
448,India,Visakhapatnam,17.681874,83.209685,1925.861,-25.0,2697.56
449,India,Warangal,18.0,79.58333,844.401,244.0,2697.56
450,Indonesia,Balikpapan,-1.26753,116.82887,617.613,7.0,4980.72
451,Indonesia,Bandar Lampung,-5.4254,105.258,982.725,91.0,4980.72
452,Indonesia,Bandung,-6.919393,107.608456,2484.417,869.0,4980.72
453,Indonesia,Banjarmasin,-3.32442,114.591,677.177,30.0,4980.72
454,Indonesia,Batam,1.119078,104.031275,1199.309,22.0,4980.72
455,Indonesia,Bekasi,-6.23827,106.975573,2827.269,53.0,4980.72
456,Indonesia,Bogor,-6.606481,106.801891,1051.351,747.0,4980.72
457,Indonesia,Denpasar,-8.65,115.21667,883.814,-190.0,4980.72
458,Indonesia,Depok,-6.402484,106.794241,2189.538,252.0,4980.72
459,Indonesia,Jakarta,-6.211831,106.841646,10173.388,53.0,4980.72
460,Indonesia,Makassar (Ujung Pandang),-5.144396,119.423639,1453.521,61.0,4980.72
461,Indonesia,Malang,-7.9797,112.6304,852.356,1295.0,4980.72
462,Indonesia,Medan,3.58333,98.66667,2214.505,53.0,4980.72
463,Indonesia,Padang,-0.94924,100.35427,904.81,-10.0,4980.72
464,Indonesia,Palembang,-2.91673,104.7458,1584.884,15.0,4980.72
465,Indonesia,Pekan Baru,0.53333,101.45,1043.17,61.0,4980.72
466,Indonesia,Pontianak,-0.03333,109.33333,609.469,0.0,4980.72
467,Indonesia,Samarinda,-0.494823,117.143615,860.414,15.0,4980.72
468,Indonesia,Semarang,-6.9932,110.4203,1706.192,30.0,4980.72
469,Indonesia,Surabaya,-7.288838,112.741078,2851.403,-10.0,4980.72
470,Indonesia,Tangerang,-6.202394,106.65271,2055.979,30.0,4980.72
471,Indonesia,Tasikmalaya,-7.350581,108.217163,787.743,244.0,4980.72
472,Iran (Islamic Republic of),Ahvaz,31.3203,48.6693,1166.102,46.0,5012.84
473,Iran (Islamic Republic of),Esfahan,32.65722,51.67761,1907.662,1640.0,5012.84
474,Iran (Islamic Republic of),Karaj,35.8355,51.0103,1598.015,1895.0,5012.84
475,Iran (Islamic Republic of),Kermanshah,34.31417,47.065,921.805,1351.0,5012.84
476,Iran (Islamic Republic of),Mashhad,36.297,59.6062,2935.94,940.0,5012.84
477,Iran (Islamic Republic of),Orumiyeh,37.55274,45.07605,718.349,1296.0,5012.84
478,Iran (Islamic Republic of),Qom,34.6401,50.8764,1173.837,914.0,5012.84
479,Iran (Islamic Republic of),Rasht,37.28077,49.58319,669.722,76.0,5012.84
480,Iran (Islamic Republic of),Shiraz,29.6036,52.5388,1538.573,1867.0,5012.84
481,Iran (Islamic Republic of),Tabriz,38.08,46.2919,1542.467,1557.0,5012.84
482,Iran (Islamic Republic of),Tehran,35.69439,51.42151,8555.089,1383.0,5012.84
483,Iraq,Al-Basrah (Basra),30.49721,47.81491,1225.793,2.0,5947.32
484,Iraq,Al-Mawsil (Mosul),36.335,43.118889,1384.26,253.0,5947.32
485,Iraq,Baghdad,33.34058,44.40088,6351.4,33.0,5947.32
486,Iraq,Irbil (Erbil),36.19257,44.01062,787.997,536.0,5947.32
487,Iraq,Kirkuk,35.468056,44.392222,938.336,537.0,5947.32
488,Iraq,Najaf,31.997314,44.331352,746.18,24.0,5947.32
489,Iraq,Sulaimaniya,35.561667,45.440833,651.173,1279.0,5947.32
490,Ireland,Dublin,53.33306,-6.24889,1162.823,-1.0,103500.39
491,Israel,Hefa (Haifa),32.813261,34.991355,1101.184,-7.0,53110.95
492,Israel,Jerusalem,31.76904,35.21633,857.752,114.0,53110.95
493,Israel,Tel Aviv-Yafo (Tel Aviv-Jaffa),32.08088,34.78057,3702.758,-4.0,53110.95
494,Italy,Bari,41.11773,16.85118,619.013,2.0,40286.84
495,Italy,Bergamo,45.69798,9.66895,841.017,192.0,40286.84
496,Italy,Bologna,44.49381,11.33875,785.291,76.0,40286.84
497,Italy,Busto Arsizio,45.61128,8.84914,631.146,172.0,40286.84
498,Italy,Firenze (Florence),43.76667,11.25,701.661,365.0,40286.84
499,Italy,Genova (Genoa),44.40632,8.93386,692.425,152.0,40286.84
500,Italy,Milano (Milan),45.55307,9.18344,3103.354,142.0,40286.84
501,Italy,Napoli (Naples),40.850178,14.259213,2204.485,4.0,40286.84
502,Italy,Padova,45.41519,11.88181,656.473,10.0,40286.84
503,Italy,Palermo,38.11582,13.35976,854.385,8.0,40286.84
504,Italy,Roma (Rome),41.894743,12.481142,4113.186,2.0,40286.84
505,Italy,Torino (Turin),45.068672,7.677218,1767.321,476.0,40286.84
506,Italy,Venezia,45.43565,12.339589,628.861,-1.0,40286.84
507,Italy,Verona,45.43419,10.99779,606.463,39.0,40286.84
508,Japan,Chukyo M.M.A. (Nagoya),35.18147,136.90641,9350.155,60.0,32859.11
509,Japan,Hiroshima,34.392823,132.460534,2096.885,321.0,32859.11
510,Japan,Kagoshima,31.570982,130.548469,600.117,-10.0,32859.11
511,Japan,Kinki M.M.A. (Osaka),34.675834,135.553823,19304.722,150.0,32859.11
512,Japan,Kitakyushu-Fukuoka M.M.A.,33.6064,130.4181,5536.995,195.0,32859.11
513,Japan,Kumamoto,32.78972,130.74167,740.501,285.0,32859.11
514,Japan,Niigata,37.913894,139.032723,810.245,-15.0,32859.11
515,Japan,Okayama,34.650668,133.913478,718.972,17.0,32859.11
516,Japan,Sapporo,43.06417,141.34694,2633.64,168.0,32859.11
517,Japan,Sendai,38.256047,140.897639,2252.485,-18.0,32859.11
518,Japan,Shizuoka-Hamamatsu M.M.A.,34.9769,138.3831,2836.965,-34.0,32859.11
519,Japan,Tokyo,35.6895,139.69171,37256.109,-2.0,32859.11
520,Jordan,Amman,31.95522,35.94503,1782.971,849.0,4682.08
521,Jordan,Zarqa,32.068265,36.088935,624.016,664.0,4682.08
522,Kazakhstan,Almaty,43.247189,76.910127,1665.315,1600.0,14569.9
523,Kazakhstan,Astana,51.1801,71.44598,893.771,335.0,14569.9
524,Kazakhstan,Shimkent,42.3,69.6,840.098,640.0,14569.9
525,Kenya,Mombasa,-4.05466,39.66359,1103.065,-11.0,2218.03
526,Kenya,Nairobi,-1.28333,36.81667,3913.512,1592.0,2218.03
527,Kuwait,Al Kuwayt (Kuwait City),29.36972,47.9783,2568.096,15.0,32289.98
528,Kyrgyzstan,Bishkek,42.87,74.59,936.223,1737.0,2228.78
529,Lao People's Democratic Republic,Vientiane,17.96667,102.6,642.079,152.0,1945.13
530,Latvia,Riga,56.946,24.10589,645.815,10.0,24222.81
531,Lebanon,Bayrut (Beirut),33.9,35.48333,2228.705,-416.0,
532,Liberia,Monrovia,6.30054,-10.7969,1269.832,-4.0,855.19
533,Libya,Banghazi,32.11667,20.06667,751.123,2.0,6482.1
534,Libya,Misratah,32.37535,15.09254,677.8,-2.0,6482.1
535,Libya,Tarabulus (Tripoli),32.87519,13.18746,1133.863,-3.0,6482.1
536,Madagascar,Antananarivo,-18.91368,47.53613,2618.084,1425.0,562.59
537,Malawi,Blantyre-Limbe,-15.78499,35.00854,807.583,975.0,463.73
538,Malawi,Lilongwe,-13.96692,33.78725,905.444,1128.0,463.73
539,Malaysia,Ipoh,4.583333,101.0833,737.86,609.0,13142.35
540,Malaysia,Johor Bahru,1.4655,103.7578,913.127,30.0,13142.35
541,Malaysia,Kuala Lumpur,3.1412,101.68653,6851.431,381.0,13142.35
542,Mali,Bamako,12.65,-8.0,2219.0,381.0,898.46
543,Mauritania,Nouakchott,18.08581,-15.9785,1057.796,8.0,2376.29
544,Mexico,Acapulco de Juárez,16.86336,-99.8901,919.884,-19.0,13971.9
545,Mexico,Aguascalientes,21.88333,-102.3,1016.592,1994.0,13971.9
546,Mexico,Cancún,21.17429,-86.84656,801.924,-27.0,13971.9
547,Mexico,Celaya,20.51667,-100.81667,640.481,1888.0,13971.9
548,Mexico,Chihuahua,28.63333,-106.08333,949.606,1425.0,13971.9
549,Mexico,Ciudad de México (Mexico City),19.427318,-99.141869,21339.781,2240.0,13971.9
550,Mexico,Ciudad Juárez,31.73333,-106.48333,1423.165,1119.0,13971.9
551,Mexico,Cuernavaca,18.91667,-99.25,997.803,1427.0,13971.9
552,Mexico,Culiacán,24.79944,-107.38972,754.092,200.0,13971.9
553,Mexico,Guadalajara,20.66667,-103.33333,4796.05,1593.0,13971.9
554,Mexico,Hermosillo,29.084507,-110.967187,788.696,210.0,13971.9
555,Mexico,La Laguna,25.55,-103.43333,1313.161,1125.0,13971.9
556,Mexico,León de los Aldamas,21.123373,-101.680486,1714.464,1834.0,13971.9
557,Mexico,Mérida,20.96667,-89.61667,1064.114,10.0,13971.9
558,Mexico,Mexicali,32.65194,-115.46833,1025.74,11.0,13971.9
559,Mexico,Monterrey,25.66667,-100.31667,4477.614,1075.0,13971.9
560,Mexico,Morelia,19.70078,-101.18443,887.593,2136.0,13971.9
561,Mexico,Oaxaca de Juárez,17.05,-96.71667,654.87,1648.0,13971.9
562,Mexico,Puebla,19.041532,-98.204962,2954.767,2161.0,13971.9
563,Mexico,Querétaro,20.6,-100.38333,1213.537,1990.0,13971.9
564,Mexico,Reynosa,26.08333,-98.28333,809.688,30.0,13971.9
565,Mexico,Saltillo,25.41667,-101.0,900.756,2350.0,13971.9
566,Mexico,San Luis Potosí,22.15,-100.98333,1125.855,1950.0,13971.9
567,Mexico,Tampico,22.21667,-97.85,928.253,-10.0,13971.9
568,Mexico,Tijuana,32.53333,-117.01667,1938.597,188.0,13971.9
569,Mexico,Toluca de Lerdo,19.283896,-99.657254,2189.481,2576.0,13971.9
570,Mexico,Tuxtla Gutierrez,16.75,-93.11667,762.738,724.0,13971.9
571,Mexico,Veracruz,19.2,-96.13333,863.709,-10.0,13971.9
572,Mexico,Villahermosa,17.98333,-92.91667,824.599,15.0,13971.9
573,Mexico,Xalapa,19.537714,-96.913656,719.476,900.0,13971.9
574,Mongolia,Ulaanbaatar,47.90771,106.88324,1364.512,1677.0,6665.65
575,Morocco,Agadir,30.424847,-9.593695,837.785,80.0,4203.55
576,Morocco,Dar-el-Beida (Casablanca),33.59278,-7.61916,3593.075,137.0,4203.55
577,Morocco,Fès,34.03715,-4.9998,1127.266,501.0,4203.55
578,Morocco,Marrakech,31.63148,-8.00828,938.865,482.0,4203.55
579,Morocco,Rabat,34.01325,-6.83255,1795.614,119.0,4203.55
580,Morocco,Tanger,35.784722,-5.812778,998.623,141.0,4203.55
581,Mozambique,Maputo,-25.96528,32.58917,1099.803,-10.0,645.33
582,Mozambique,Matola,-25.96222,32.45889,1345.821,-10.0,645.33
583,Mozambique,Nampula,-15.11646,39.2666,675.942,396.0,645.33
584,Myanmar,Mandalay,21.97473,96.08359,1267.659,457.0,1179.4
585,Myanmar,Yangon,16.80528,96.15611,4851.365,15.0,1179.4
586,Nepal,Kathmandu,27.70169,85.3206,1179.009,1524.0,1381.05
587,Netherlands,Amsterdam,52.37403,4.88969,1106.056,-2.0,67984.29
588,Netherlands,Rotterdam,51.9225,4.47917,1005.9,-1.0,67984.29
589,Netherlands,s-Gravenhage (The Hague),52.0767,4.2986,666.559,-5.0,67984.29
590,New Zealand,Auckland,-36.86667,174.76667,1465.113,-10.0,47072.43
591,Nicaragua,Managua,12.13282,-86.2504,1026.545,122.0,2877.65
592,Niger,Niamey,13.51366,2.1098,1108.994,183.0,697.97
593,Nigeria,Aba,5.10658,7.36667,943.288,99.0,877.07
594,Nigeria,Abuja,9.05735,7.48976,2441.691,503.0,877.07
595,Nigeria,Benin City,6.33504,5.62749,1494.673,107.0,877.07
596,Nigeria,Enugu,6.4402,7.4943,680.105,114.0,877.07
597,Nigeria,Ibadan,7.38778,3.89639,3157.151,167.0,877.07
598,Nigeria,Ikorodu,6.608716,3.510823,706.477,30.0,877.07
599,Nigeria,Ilorin,8.5,4.55,855.982,335.0,877.07
600,Nigeria,Jos,9.91667,8.9,809.188,1143.0,877.07
601,Nigeria,Kaduna,10.52224,7.43828,1046.287,640.0,877.07
602,Nigeria,Kano,12.00012,8.51672,3583.342,457.0,877.07
603,Nigeria,Lagos,6.45306,3.39583,12239.206,15.0,877.07
604,Nigeria,Maiduguri,11.84644,13.16027,726.575,243.0,877.07
605,Nigeria,Nnewi,6.01986,6.91478,770.068,152.0,877.07
606,Nigeria,Onitsha,6.14543,6.78845,1109.441,122.0,877.07
607,Nigeria,Oshogbo,7.76667,4.56667,648.827,457.0,877.07
608,Nigeria,Owerri,5.48333,7.03041,715.6,122.0,877.07
609,Nigeria,Port Harcourt,4.77742,7.0134,2343.855,22.0,877.07
610,Nigeria,Uyo,5.05127,7.9335,847.968,76.0,877.07
611,Nigeria,Warri,5.51667,5.75,663.166,61.0,877.07
612,Nigeria,Zaria,11.11128,7.7227,701.593,670.0,877.07
613,Norway,Oslo,59.91273,10.74609,968.549,192.0,90433.67
614,Oman,Masqat (Muscat),23.61387,58.5922,1180.439,-132.0,20631.44
615,Pakistan,Bahawalpur,29.4,71.68333,719.922,129.0,1587.6
616,Pakistan,Faisalabad,31.416667,73.083333,3068.364,183.0,1587.6
617,Pakistan,Gujranwala,32.15,74.183333,1922.89,213.0,1587.6
618,Pakistan,Hyderabad,25.366667,68.366667,1670.427,45.0,1587.6
619,Pakistan,Islamabad,33.70351,73.059373,956.599,610.0,1587.6
620,Pakistan,Karachi,24.9056,67.0822,14289.16,30.0,1587.6
621,Pakistan,Lahore,31.549722,74.343611,10369.137,213.0,1587.6
622,Pakistan,Multan,30.183333,71.483333,1796.431,91.0,1587.6
623,Pakistan,Peshawar,34.00195,71.55944,1852.022,457.0,1587.6
624,Pakistan,Quetta,30.199,67.00971,950.506,2345.0,1587.6
625,Pakistan,Rawalpindi,33.6,73.066667,2024.39,564.0,1587.6
626,Pakistan,Sargodha,32.083333,72.666667,638.309,183.0,1587.6
627,Pakistan,Sialkot,32.5,74.516667,629.876,229.0,1587.6
628,Panama,Ciudad de Panamá (Panama City),8.995816,-79.519572,1673.118,-13.0,19369.48
629,Paraguay,Asunción,-25.30066,-57.63591,2967.447,122.0,5869.33
630,Peru,Arequipa,-16.39889,-71.535,857.644,3574.0,8315.92
631,Peru,Lima,-12.04318,-77.02824,9812.737,632.0,8315.92
632,Peru,Trujillo,-8.11599,-79.02998,791.243,876.0,8315.92
633,Philippines,Antipolo,14.623548,121.124485,774.682,91.0,4153.59
634,Philippines,Cagayan de Oro City,8.48222,124.64722,674.686,-1.0,4153.59
635,Philippines,Cebu City,10.31672,123.89071,921.67,-107.0,4153.59
636,Philippines,Dasmarinas,14.299018,120.95897,657.582,152.0,4153.59
637,Philippines,Davao City,7.073854,125.612487,1629.843,-12.0,4153.59
638,Philippines,Manila,14.6042,120.9822,12860.058,53.0,4153.59
639,Philippines,Zamboanga City,6.910333,122.075045,860.886,-2.0,4153.59
640,Poland,Kraków (Cracow),50.066777,19.942468,763.456,209.0,23563.22
641,Poland,Łódź,51.759433,19.459957,704.967,215.0,23563.22
642,Poland,Warszawa (Warsaw),52.22977,21.01178,1740.175,81.0,23563.22
643,Poland,Wrocław,51.1,17.03333,635.737,124.0,23563.22
644,Portugal,Lisboa (Lisbon),38.71686,-9.139867,2883.36,0.0,29341.17
645,Portugal,Porto,41.14961,-8.61099,1298.796,130.0,29341.17
646,Puerto Rico,San Juan,18.46633,-66.10572,2463.243,-153.0,37925.93
647,Republic of Korea,Ansan,37.32361,126.82194,745.79,66.0,36131.85
648,Republic of Korea,Bucheon,37.49889,126.78306,844.414,32.0,36131.85
649,Republic of Korea,Busan,35.10278,129.04028,3446.449,-6.0,36131.85
650,Republic of Korea,Changwon,35.22806,128.68111,1059.159,113.0,36131.85
651,Republic of Korea,Cheonan,36.813188,127.140955,625.236,155.0,36131.85
652,Republic of Korea,Cheongju,36.63722,127.48972,692.431,311.0,36131.85
653,Republic of Korea,Daegu,35.87028,128.59111,2242.848,224.0,36131.85
654,Republic of Korea,Daejon,36.32139,127.41972,1535.904,169.0,36131.85
655,Republic of Korea,Goyang,37.65639,126.835,984.102,198.0,36131.85
656,Republic of Korea,Gwangju,35.146111,126.918611,1501.037,408.0,36131.85
657,Republic of Korea,Incheon,37.45361,126.73167,2684.975,90.0,36131.85
658,Republic of Korea,Jeonju,35.82194,127.14889,657.599,347.0,36131.85
659,Republic of Korea,Seongnam,37.43861,127.13778,948.838,143.0,36131.85
660,Republic of Korea,Seoul,37.56826,126.97783,9896.859,32.0,36131.85
661,Republic of Korea,Suweon,37.26349,127.021385,1185.641,105.0,36131.85
662,Republic of Korea,Ulsan,35.53722,129.31667,903.859,-61.0,36131.85
663,Republic of Korea,Yongin,37.235245,127.203292,963.146,202.0,36131.85
664,Romania,Bucuresti (Bucharest),44.432787,26.104302,1848.922,13.0,20088.86
665,Russian Federation,Barnaul,53.36056,83.76361,628.18,183.0,14952.9
666,Russian Federation,Chelyabinsk,55.15444,61.42972,1181.855,213.0,14952.9
667,Russian Federation,Irkutsk,52.29778,104.29639,614.868,534.0,14952.9
668,Russian Federation,Izhevsk,56.84976,53.20448,641.741,152.0,14952.9
669,Russian Federation,Kazan,55.78874,49.12214,1209.896,76.0,14952.9
670,Russian Federation,Khabarovsk,48.48272,135.08379,606.621,61.0,14952.9
671,Russian Federation,Krasnodar,45.0488,38.9725,846.318,36.0,14952.9
672,Russian Federation,Krasnoyarsk,56.00972,92.79167,1055.462,457.0,14952.9
673,Russian Federation,Moskva (Moscow),55.754996,37.621849,12049.135,152.0,14952.9
674,Russian Federation,Nizhniy Novgorod,56.32867,44.00205,1258.984,76.0,14952.9
675,Russian Federation,Novosibirsk,55.0415,82.9346,1570.661,122.0,14952.9
676,Russian Federation,Omsk,55.0,73.4,1172.471,91.0,14952.9
677,Russian Federation,Perm,58.01741,56.28552,1033.959,152.0,14952.9
678,Russian Federation,Rostov-na-Donu (Rostov-on-Don),47.217791,39.703185,1116.471,19.0,14952.9
679,Russian Federation,Samara,53.20006,50.15,1168.499,61.0,14952.9
680,Russian Federation,Sankt Peterburg (Saint Petersburg),59.929858,30.326228,5181.371,10.0,14952.9
681,Russian Federation,Saratov,51.54056,46.00861,843.504,30.0,14952.9
682,Russian Federation,Tolyatti,53.5303,49.3461,712.75,121.0,14952.9
683,Russian Federation,Tyumen,57.15222,65.52722,701.45,61.0,14952.9
684,Russian Federation,Ufa,54.78517,56.04562,1102.438,122.0,14952.9
685,Russian Federation,Ulyanovsk,54.32824,48.38657,622.149,91.0,14952.9
686,Russian Federation,Vladivostok,43.10562,131.87353,603.035,-5.0,14952.9
687,Russian Federation,Volgograd,48.71939,44.50184,1016.945,30.0,14952.9
688,Russian Federation,Voronezh,51.67204,39.1843,1023.832,152.0,14952.9
689,Russian Federation,Yaroslavl,57.62987,39.87368,604.022,91.0,14952.9
690,Russian Federation,Yekaterinburg,56.8575,60.6125,1429.193,274.0,14952.9
691,Rwanda,Kigali,-1.947364,30.057897,951.359,1569.0,985.99
692,Saudi Arabia,Ad-Dammam,26.43442,50.10326,1079.75,0.0,32881.34
693,Saudi Arabia,Al-Madinah (Medina),24.463501,39.611106,1298.574,762.0,32881.34
694,Saudi Arabia,Ar-Riyadh (Riyadh),24.690466,46.709566,6218.322,731.0,32881.34
695,Saudi Arabia,Hufuf-Mubarraz,25.41,49.58083,753.669,107.0,32881.34
696,Saudi Arabia,Jiddah,21.51694,39.21917,4034.926,152.0,32881.34
697,Saudi Arabia,Makkah (Mecca),21.417368,39.815855,1795.849,739.0,32881.34
698,Saudi Arabia,Taif,21.27028,40.41583,639.898,1600.0,32881.34
699,Senegal,Dakar,14.6937,-17.44406,2758.161,-10.0,1805.14
700,Serbia,Beograd (Belgrade),44.817649,20.463309,1369.401,98.0,12513.83
701,Sierra Leone,Freetown,8.484,-13.22994,1043.158,-1.0,856.32
702,Singapore,Singapore,1.28967,103.85007,5535.262,-64.0,89369.72
703,Somalia,Hargeysa,9.56,44.065,778.96,1219.0,771.45
704,Somalia,Muqdisho (Mogadishu),2.041636,45.343492,1782.796,-21.0,771.45
705,South Africa,Cape Town,-33.92584,18.42322,4100.334,45.0,6377.07
706,South Africa,Durban (Ethekwini),-29.8579,31.0292,3063.161,-1.0,6377.07
707,South Africa,East London (Buffalo City),-33.01529,27.91162,660.874,-9.0,6377.07
708,South Africa,Ekurhuleni,-26.25,28.33,3470.433,1600.0,6377.07
709,South Africa,Johannesburg,-26.20227,28.04363,4984.804,1585.0,6377.07
710,South Africa,Port Elizabeth (Nelson Mandela Bay),-33.91799,25.57007,1182.45,-5.0,6377.07
711,South Africa,Pretoria,-25.74486,28.18783,2081.238,1425.0,6377.07
712,South Africa,Soshanguve,-25.47288,28.09919,782.206,1189.0,6377.07
713,South Africa,Vereeniging,-26.67313,27.92615,744.122,1463.0,6377.07
714,South Africa,West Rand,-26.12,27.75,831.968,1631.0,6377.07
715,Spain,Barcelona,41.38879,2.15899,5276.919,-4.0,35788.73
716,Spain,Madrid,40.4165,-3.70256,6221.45,624.0,35788.73
717,Spain,Sevilla,37.38241,-5.97613,703.015,56.0,35788.73
718,Spain,Valencia,39.46975,-0.37739,812.636,-21.0,35788.73
719,Spain,Zaragoza,41.65606,-0.87734,702.842,186.0,35788.73
720,State of Palestine,Gaza (incl. Ash Shati Camp),31.510618,34.458756,617.898,138.0,
721,Sudan,Al-Khartum (Khartoum),15.55177,32.53241,5128.318,381.0,606.29
722,Sudan,Nyala,12.05,24.88333,714.707,792.0,606.29
723,Sweden,Stockholm,59.33258,18.0649,1495.198,-10.0,57212.54
724,Switzerland,Zürich (Zurich),47.35785,8.50296,1327.026,553.0,106097.64
725,Syrian Arab Republic,Dimashq (Damascus),33.508586,36.308444,2222.661,627.0,
726,Syrian Arab Republic,Halab (Aleppo),36.213611,37.157141,979.465,436.0,
727,Syrian Arab Republic,Hamah,35.13179,36.75783,856.249,397.0,
728,Syrian Arab Republic,Hims (Homs),34.731809,36.718125,1241.213,627.0,
729,Syrian Arab Republic,Lattakia,35.51484,35.77684,609.282,-149.0,
730,Tajikistan,Dushanbe,38.53575,68.77905,812.352,914.0,1275.5
731,Thailand,Chiang Mai,18.79038,98.98468,1067.668,382.0,7527.38
732,Thailand,Chon Buri,13.361125,100.988319,1279.618,137.0,7527.38
733,Thailand,Krung Thep (Bangkok),13.721964,100.525248,9402.771,0.0,7527.38
734,Thailand,Nakhon Ratchasima,14.97066,102.10196,714.578,213.0,7527.38
735,Thailand,Nonthaburi,13.860208,100.521782,880.768,0.0,7527.38
736,Thailand,Pathum Thani,14.01346,100.53049,835.982,0.0,7527.38
737,Thailand,Samut Prakan,13.59934,100.59675,1195.712,0.0,7527.38
738,Thailand,Songkhla,7.19882,100.5951,884.336,-6.0,7527.38
739,Togo,Lomé,6.13748,1.21227,1635.246,30.0,1051.22
740,Tunisia,Safaqis,34.748471,10.756162,602.09,0.0,4266.99
741,Tunisia,Tunis,36.81897,10.16579,2182.869,-10.0,4266.99
742,Turkey,Adana,37.00167,35.32889,1672.787,45.0,15665.94
743,Turkey,Ankara,39.91987,32.85427,4633.405,1133.0,15665.94
744,Turkey,Antalya,36.90812,30.69556,1083.923,25.0,15665.94
745,Turkey,Bursa,40.19167,29.06111,1816.4,1439.0,15665.94
746,Turkey,Diyarbakir,37.91583,40.21889,939.71,678.0,15665.94
747,Turkey,Eskisehir,39.77667,30.52056,693.601,907.0,15665.94
748,Turkey,Gaziantep,37.05944,37.3825,1526.99,857.0,15665.94
749,Turkey,Gebze,40.80276,29.43068,618.004,108.0,15665.94
750,Turkey,Istanbul,41.0138,28.9497,14126.772,-8.0,15665.94
751,Turkey,Izmir,38.41273,27.13838,2860.197,586.0,15665.94
752,Turkey,Kayseri,38.73222,35.48528,910.672,1318.0,15665.94
753,Turkey,Konya,37.87135,32.48464,1187.777,1006.0,15665.94
754,Turkey,Mersin,36.8,34.633333,924.39,-2.0,15665.94
755,Turkmenistan,Ashgabat,37.95,58.38333,753.486,285.0,12713.27
756,Uganda,Kampala,0.31628,32.58219,2576.982,1189.0,1186.53
757,Ukraine,Dnipro,48.45,34.98333,984.103,91.0,5504.89
758,Ukraine,Donetsk,48.023,37.80224,935.933,191.0,5504.89
759,Ukraine,Kharkiv,49.98081,36.25272,1442.204,152.0,5504.89
760,Ukraine,Kryvyi Rih,47.91083,33.392491,643.499,103.0,5504.89
761,Ukraine,Kyiv (Kiev),50.445368,30.518634,2894.942,97.0,5504.89
762,Ukraine,Lviv,49.837969,24.032508,729.195,307.0,5504.89
763,Ukraine,Odesa,46.47747,30.73262,1010.377,-2.0,5504.89
764,Ukraine,Zaporizhzhya,47.82289,35.19031,756.41,61.0,5504.89
765,United Arab Emirates,Abu Zaby (Abu Dhabi),24.464778,54.361781,1202.756,-1.0,49549.59
766,United Arab Emirates,Ash-Shariqah (Sharjah),25.35731,55.4033,1274.749,61.0,49549.59
767,United Arab Emirates,Dubayy (Dubai),25.272061,55.311265,2401.067,46.0,49549.59
768,United Kingdom,Belfast,54.594668,-5.929812,612.187,2.0,52423.29
769,United Kingdom,Birmingham (West Midlands),52.4814,-1.8998,2515.879,114.0,52423.29
770,United Kingdom,Bristol,51.4552,-2.5966,648.21,82.0,52423.29
771,United Kingdom,Glasgow,55.86515,-4.25763,1643.621,119.0,52423.29
772,United Kingdom,Liverpool,53.41058,-2.97794,880.951,37.0,52423.29
773,United Kingdom,London,51.50853,-0.12574,8661.381,46.0,52423.29
774,United Kingdom,Manchester,53.48095,-2.23743,2632.914,83.0,52423.29
775,United Kingdom,Newcastle upon Tyne,54.97328,-1.61396,790.387,41.0,52423.29
776,United Kingdom,Nottingham,52.9536,-1.15047,755.919,65.0,52423.29
777,United Kingdom,Sheffield,53.38297,-1.4659,705.526,60.0,52423.29
778,United Kingdom,Southampton/Portsmouth (South Hampshire),50.911698,-1.40357,888.126,29.0,52423.29
779,United Kingdom,West Yorkshire,53.798431,-1.764855,1827.948,102.0,52423.29
780,United Republic of Tanzania,Dar es Salaam,-6.82349,39.26951,5115.698,61.0,1224.37
781,United Republic of Tanzania,Mwanza,-2.51667,32.9,838.019,1219.0,1224.37
782,United States of America,Albany,42.66,-73.78,614.791,169.0,86601.28
783,United States of America,Albuquerque,35.110703,-106.609991,829.697,1919.0,86601.28
784,United States of America,Allentown-Bethlehem,40.60908,-75.475962,716.266,166.0,86601.28
785,United States of America,Atlanta,33.76,-84.4,5161.71,266.0,86601.28
786,United States of America,Austin,30.27,-97.74,1691.867,135.0,86601.28
787,United States of America,Bakersfield,35.357276,-119.031661,606.898,148.0,86601.28
788,United States of America,Baltimore,39.29038,-76.61219,2273.601,-1.0,86601.28
789,United States of America,Baton Rouge,30.45075,-91.15455,665.56,8.0,86601.28
790,United States of America,Birmingham,33.515744,-86.801056,798.948,187.0,86601.28
791,United States of America,Boston,42.347919,-71.06453,4261.184,-10.0,86601.28
792,United States of America,Bridgeport-Stamford,41.16704,-73.20483,941.914,-10.0,86601.28
793,United States of America,Buffalo,42.887934,-78.871593,915.173,200.0,86601.28
794,United States of America,Cape Coral,26.6396,-81.982471,680.517,1.0,86601.28
795,United States of America,Charleston-North Charleston,32.789295,-79.986255,628.179,0.0,86601.28
796,United States of America,Charlotte,35.22709,-80.84313,1623.288,212.0,86601.28
797,United States of America,Chicago,41.85003,-87.65005,8770.201,170.0,86601.28
798,United States of America,Cincinnati,39.104722,-84.518783,1692.54,191.0,86601.28
799,United States of America,Cleveland,41.498587,-81.687402,1777.544,317.0,86601.28
800,United States of America,Colorado Springs,38.863443,-104.791914,615.642,1839.0,86601.28
801,United States of America,"Columbia, South Carolina",33.999477,-81.036538,632.837,81.0,86601.28
802,United States of America,"Columbus, Ohio",39.962205,-83.000186,1510.226,242.0,86601.28
803,United States of America,Concord,37.97798,-122.03107,652.082,235.0,86601.28
804,United States of America,Dallas-Fort Worth,32.72541,-97.32085,5723.325,178.0,86601.28
805,United States of America,Dayton,39.758406,-84.192906,735.173,286.0,86601.28
806,United States of America,Denver-Aurora,39.734283,-104.983138,2608.292,1658.0,86601.28
807,United States of America,Detroit,42.387137,-83.102641,3648.167,179.0,86601.28
808,United States of America,El Paso,31.7775757,-106.4424559,879.929,1157.0,86601.28
809,United States of America,Fresno,36.754529,-119.771119,713.958,104.0,86601.28
810,United States of America,Hartford,41.7637111,-72.6850932,965.851,108.0,86601.28
811,United States of America,Honolulu,21.30895,-157.826182,850.597,-141.0,86601.28
812,United States of America,Houston,29.7601927,-95.3693896,5659.598,13.0,86601.28
813,United States of America,Indianapolis,39.790942,-86.147685,1651.414,260.0,86601.28
814,United States of America,"Jacksonville, Florida",30.33218,-81.65565,1175.981,11.0,86601.28
815,United States of America,Kansas City,39.11417,-94.62746,1609.382,279.0,86601.28
816,United States of America,Knoxville,35.960749,-83.927657,649.134,283.0,86601.28
817,United States of America,Las Vegas,36.169941,-115.13983,2279.747,529.0,86601.28
818,United States of America,Los Angeles-Long Beach-Santa Ana,34.031656,-118.241716,12345.219,38.0,86601.28
819,United States of America,Louisville,38.24194,-85.763064,1035.156,169.0,86601.28
820,United States of America,McAllen,26.216263,-98.236385,867.421,30.0,86601.28
821,United States of America,Memphis,35.140814,-90.047458,1109.392,87.0,86601.28
822,United States of America,Miami,25.789097,-80.204044,5835.854,-10.0,86601.28
823,United States of America,Milwaukee,43.0389,-87.90647,1413.334,166.0,86601.28
824,United States of America,Minneapolis-St. Paul,44.97307,-93.269895,2799.945,268.0,86601.28
825,United States of America,Mission Viejo,33.60002,-117.672,612.183,230.0,86601.28
826,United States of America,Nashville-Davidson,36.160996,-86.783045,1109.588,157.0,86601.28
827,United States of America,New Orleans,29.95465,-90.07507,949.619,2.0,86601.28
828,United States of America,New York-Newark,40.717042,-74.003663,18647.626,-10.0,86601.28
829,United States of America,Ogden-Layton,41.223,-111.97383,628.31,2120.0,86601.28
830,United States of America,Oklahoma City,35.4675,-97.516389,928.488,366.0,86601.28
831,United States of America,Omaha,41.25861111,-95.93777778,782.703,324.0,86601.28
832,United States of America,Orlando,28.53834,-81.37924,1737.144,28.0,86601.28
833,United States of America,Philadelphia,39.95234,-75.16379,5601.728,26.0,86601.28
834,United States of America,Phoenix-Mesa,33.449454,-112.074743,4077.437,370.0,86601.28
835,United States of America,Pittsburgh,40.441823,-79.98823,1723.814,290.0,86601.28
836,United States of America,Portland,45.521525,-122.679933,2007.501,124.0,86601.28
837,United States of America,Providence,41.824037,-71.417702,1199.662,12.0,86601.28
838,United States of America,Provo-Orem,40.23384,-111.65853,615.901,2347.0,86601.28
839,United States of America,Raleigh,35.778897,-78.637471,1145.156,81.0,86601.28
840,United States of America,Richmond,37.543207,-77.438159,1032.945,35.0,86601.28
841,United States of America,Riverside-San Bernardino,33.95335,-117.39616,2202.479,494.0,86601.28
842,United States of America,Rochester,43.156924,-77.604633,734.708,141.0,86601.28
843,United States of America,Sacramento,38.58157,-121.4944,1927.199,17.0,86601.28
844,United States of America,Salt Lake City,40.7547,-111.892622,1099.252,1682.0,86601.28
845,United States of America,San Antonio,29.424113,-98.493536,2037.677,183.0,86601.28
846,United States of America,San Diego,32.71533,-117.15726,3116.709,104.0,86601.28
847,United States of America,San Francisco-Oakland,37.759881,-122.437392,3309.175,-6.0,86601.28
848,United States of America,San Jose,37.33939,-121.89496,1734.839,104.0,86601.28
849,United States of America,Sarasota-Bradenton,27.33643,-82.53065,692.321,9.0,86601.28
850,United States of America,Seattle,47.626353,-122.333144,3259.129,36.0,86601.28
851,United States of America,"Springfield, Massachusett, Connecticut",42.10148,-72.5898,647.906,101.0,86601.28
852,United States of America,St. Louis,38.628612,-90.197197,2190.079,152.0,86601.28
853,United States of America,Tampa-St. Petersburg,27.94752,-82.45843,2668.171,4.0,86601.28
854,United States of America,Temecula-Murrieta,33.53635,-117.16305,622.13,559.0,86601.28
855,United States of America,Tucson,32.214476,-110.918192,915.773,830.0,86601.28
856,United States of America,Tulsa,36.131294,-95.937332,713.079,218.0,86601.28
857,United States of America,Virginia Beach,36.834498,-76.087179,1463.996,-3.0,86601.28
858,United States of America,"Washington, D.C.",38.89511,-77.03637,4971.842,58.0,86601.28
859,Uruguay,Montevideo,-34.83346,-56.16735,1707.475,15.0,23053.26
860,Uzbekistan,Tashkent,41.26465,69.21627,2379.149,427.0,3050.82
861,Venezuela (Bolivarian Republic of),Barcelona-Puerto La Cruz,10.21667,-64.61667,735.141,442.0,4018.6
862,Venezuela (Bolivarian Republic of),Barquisimeto,10.07389,-69.32278,1145.083,475.0,4018.6
863,Venezuela (Bolivarian Republic of),Caracas,10.48801,-66.87919,2920.018,853.0,4018.6
864,Venezuela (Bolivarian Republic of),Ciudad Guayana,8.35122,-62.64102,829.132,175.0,4018.6
865,Venezuela (Bolivarian Republic of),Maracaibo,10.63167,-71.64056,2050.679,30.0,4018.6
866,Venezuela (Bolivarian Republic of),Maracay,10.24694,-67.59583,1134.013,883.0,4018.6
867,Venezuela (Bolivarian Republic of),Valencia,10.16202,-68.00765,1777.408,564.0,4018.6
868,Viet Nam,Bien Hoa,10.95,106.81667,840.213,30.0,4649.05
869,Viet Nam,Can Tho,10.03333,105.78333,1184.264,-10.0,4649.05
870,Viet Nam,Da Nang,16.051264,108.212426,958.692,-2.0,4649.05
871,Viet Nam,Hà Noi,21.0245,105.84117,3657.21,122.0,4649.05
872,Viet Nam,Hai Phòng,20.86481,106.68345,1083.103,0.0,4649.05
873,Viet Nam,Thành Pho Ho Chí Minh (Ho Chi Minh City),10.75,106.66667,7348.291,0.0,4649.05
874,Yemen,Adan (Aden),12.798803,45.035902,834.493,-39.0,464.89
875,Yemen,Sana'a',15.353115,44.20782,2494.957,2484.0,464.89
876,Yemen,Ta'izz,13.57952,44.02091,700.655,1828.0,464.89
877,Zambia,Lusaka,-15.413374,28.277148,2187.18,1219.0,1226.1
878,Zimbabwe,Bulawayo,-20.15,28.58333,646.8,1372.0,2113.81
879,Zimbabwe,Harare,-17.82935,31.05389,1499.723,1524.0,2113.81
